state,pop_est_2014
Alaska,736732
Arkansas,2966369
Delaware,935614
District of Columbia,658893
Hawaii,1419561
Idaho,1634464
Kansas,2904021
Maine,1330089
Mississippi,2994079
Montana,1023579
Nebraska,1881503
Nevada,2839099
New Hampshire,1326813
New Mexico,2085572
North Dakota,739482
Rhode Island,1055173
South Dakota,853175
Utah,2942902
Vermont,626562
West Virginia,1850326
Wyoming,584153
